jmaID,fault_type
D20110630000530_20,strike-slip
D20120312000433_20,normal-fault
D20110323000127_20,normal-fault
D20150609000403_20,reverse-fault
D20160505000441_20,reverse-fault
D20110421000205_20,normal-fault
D20160619000100_20,reverse-fault
D20160919000328_20,strike-slip
D20111231000139_20,reverse-fault
D20110630000394_20,reverse-fault
D20160522000078_20,strike-slip
D20121226000247_20,strike-slip
D20110723000405_20,reverse-fault
D20140517000417_20,normal-fault
D20140713000016_20,normal-fault
D20120319000319_20,reverse-fault
D20111029000080_20,normal-fault
D20150511000484_20,strike-slip
D20110809000048_20,normal-fault
D20151221000266_20,reverse-fault
D20110715000419_20,reverse-fault
D20140718000386_20,normal-fault
D20130711000072_20,reverse-fault
D20130427000123_20,reverse-fault
D20130108000135_20,strike-slip
D20130224000039_20,strike-slip
D20120103000189_20,normal-fault
D20130226000044_20,strike-slip
D20110525000230_20,normal-fault
D20120815000047_20,reverse-fault
D20150426000128_20,strike-slip
D20120521000415_20,reverse-fault
D20140715000028_20,strike-slip
D20130919000178_20,normal-fault
D20160830000102_20,reverse-fault
D20111211000174_20,normal-fault
D20120217000445_20,normal-fault
D20140102000499_20,reverse-fault
D20120624000269_20,reverse-fault
D20130604000215_20,normal-fault
D20140412000263_20,strike-slip
D20160624000337_20,normal-fault
D20110930000522_20,normal-fault
D20120702000215_20,normal-fault
D20120519000486_20,normal-fault
D20110509000336_20,normal-fault
D20110411000039_20,reverse-fault
D20160609000196_20,reverse-fault
D20110827000761_20,normal-fault
D20130717000354_20,strike-slip
D20110411001034_20,normal-fault
D20150723000333_20,reverse-fault
D20130603000006_20,strike-slip
D20151015000299_20,normal-fault
D20110415000812_20,normal-fault
D20110317000872_20,strike-slip
D20160905000051_20,strike-slip
D20120218000298_20,reverse-fault
D20121011000245_20,reverse-fault
D20111208000044_20,reverse-fault
D20160427000768_20,strike-slip
D20110204000050_20,strike-slip
D20160203000421_20,strike-slip
D20160913000164_20,reverse-fault
D20150819000077_20,reverse-fault
D20150407000393_20,reverse-fault
D20160826000053_20,strike-slip
D20120128000354_20,reverse-fault
D20160207000371_20,reverse-fault
D20120501000297_20,strike-slip
D20110624000843_20,reverse-fault
D20150705000104_20,reverse-fault
D20120608000279_20,normal-fault
D20110422000568_20,normal-fault
D20130201000035_20,reverse-fault
D20110603000408_20,normal-fault
D20151108000090_20,reverse-fault
D20120117000080_20,normal-fault
D20131210000316_20,strike-slip
D20120201000450_20,reverse-fault
D20141030000247_20,strike-slip
D20110419001107_20,normal-fault
D20111021000519_20,normal-fault
D20130225000185_20,strike-slip
D20150512000215_20,reverse-fault
D20120519000277_20,reverse-fault
D20150706000398_20,reverse-fault
D20111120000339_20,normal-fault
D20130225000463_20,strike-slip
D20131031000151_20,reverse-fault
D20160421001455_20,strike-slip
D20140504000425_20,reverse-fault
D20161202000208_20,normal-fault
D20121123000144_20,reverse-fault
D20150207000346_20,reverse-fault
D20130819000059_20,normal-fault
D20120516000025_20,reverse-fault
D20120825000449_20,normal-fault
D20130613000003_20,normal-fault
D20120203000222_20,reverse-fault
D20111215000153_20,normal-fault
D20120704000059_20,normal-fault
D20120831000402_20,normal-fault
D20111105000493_20,normal-fault
D20151208000407_20,reverse-fault
D20110825000647_20,reverse-fault
D20160101000183_20,normal-fault
D20150926000062_20,strike-slip
D20160521000131_20,strike-slip
D20140905000460_20,reverse-fault
D20130224000208_20,reverse-fault
D20120130000081_20,reverse-fault
D20140608000223_20,reverse-fault
D20130723000367_20,normal-fault
D20130716000339_20,reverse-fault
D20160416000489_20,normal-fault
D20121229000296_20,reverse-fault
D20130104000387_20,normal-fault
D20110411001058_20,normal-fault
D20140504000211_20,strike-slip
D20130916000198_20,reverse-fault
D20121205000057_20,normal-fault
D20130126000251_20,reverse-fault
D20110412001332_20,normal-fault
D20121213000029_20,reverse-fault
D20140503000564_20,strike-slip
D20160903000579_20,strike-slip
D20150822000032_20,reverse-fault
D20110604000320_20,normal-fault
D20120505000430_20,reverse-fault
D20110808000680_20,strike-slip
D20160426000036_20,strike-slip
D20140215000178_20,strike-slip
D20160720000227_20,reverse-fault
D20120923000269_20,strike-slip
D20150822000162_20,reverse-fault
D20110620000613_20,normal-fault
D20160204000109_20,normal-fault
D20121121000108_20,strike-slip
D20160907000062_20,normal-fault
D20140118000030_20,reverse-fault
D20110317000613_20,normal-fault
D20120919000193_20,normal-fault
D20120710000285_20,strike-slip
D20160114000105_20,strike-slip
D20160907000231_20,reverse-fault
D20121125000040_20,reverse-fault
D20120602000072_20,reverse-fault
D20140609000151_20,strike-slip
D20140521000285_20,strike-slip
D20150911000078_20,strike-slip
D20110323000155_20,strike-slip
D20150227000081_20,strike-slip
D20120729000288_20,reverse-fault
D20110705000650_20,reverse-fault
D20120401000182_20,reverse-fault
D20130110000108_20,reverse-fault
D20160505000059_20,reverse-fault
D20150801000155_20,reverse-fault
D20130410000065_20,normal-fault
D20160727000587_20,reverse-fault
D20120918000061_20,reverse-fault
D20140909000227_20,reverse-fault
D20130404000440_20,normal-fault
D20141124000310_20,strike-slip
D20110716000777_20,normal-fault
D20110805000113_20,normal-fault
D20120826000003_20,reverse-fault
D20160519000303_20,strike-slip
D20160326000378_20,reverse-fault
D20120105000450_20,normal-fault
D20160404000183_20,strike-slip
D20130508000274_20,reverse-fault
D20120605000199_20,strike-slip
D20150528000074_20,strike-slip
D20110210000004_20,reverse-fault
D20140115000462_20,normal-fault
D20120512000402_20,normal-fault
D20160501001275_20,strike-slip
D20110409001190_20,strike-slip
D20160730000395_20,normal-fault
D20121015000117_20,reverse-fault
D20160921000431_20,strike-slip
D20120101000403_20,normal-fault
D20120814000299_20,reverse-fault
D20160625000364_20,strike-slip
D20110625000178_20,strike-slip
D20130603000234_20,reverse-fault
D20110417001234_20,normal-fault
D20130414000354_20,reverse-fault
D20110312000845_20,strike-slip
D20110323000153_20,normal-fault
D20120425000213_20,reverse-fault
D20131111000154_20,strike-slip
D20150901000014_20,normal-fault
D20160717000341_20,strike-slip
D20110705000400_20,strike-slip
D20140808000070_20,normal-fault
D20160923000490_20,strike-slip
D20110424001078_20,normal-fault
D20150301000379_20,normal-fault
D20120425000333_20,reverse-fault
D20140902000285_20,strike-slip
D20140829000040_20,reverse-fault
D20110412000132_20,normal-fault
D20110401000430_20,normal-fault
D20131008000556_20,reverse-fault
D20120623000397_20,reverse-fault
D20130430000324_20,strike-slip
D20130309000261_20,normal-fault
D20110112000006_20,reverse-fault
D20110623000158_20,strike-slip
D20110827000460_20,normal-fault
D20111005000132_20,normal-fault
D20120506000096_20,reverse-fault
D20110723000470_20,strike-slip
D20120228000279_20,strike-slip
D20140424000364_20,strike-slip
D20111228000102_20,normal-fault
D20120102000243_20,normal-fault
D20150503000362_20,reverse-fault
D20130126000139_20,reverse-fault
D20160330000040_20,reverse-fault
D20130506000354_20,strike-slip
D20120103000293_20,strike-slip
D20161018000028_20,strike-slip
D20140710000337_20,normal-fault
D20130516000157_20,normal-fault
D20131110000140_20,reverse-fault
D20140103000520_20,strike-slip
D20130121000370_20,normal-fault
D20120824000326_20,strike-slip
D20150912000435_20,reverse-fault
D20140530000405_20,reverse-fault
D20110321000554_20,normal-fault
D20130712000056_20,normal-fault
D20140317000371_20,reverse-fault
D20131010000182_20,reverse-fault
D20110313000153_20,strike-slip
D20130107000130_20,strike-slip
D20160721000577_20,reverse-fault
D20120617000350_20,reverse-fault
D20110414001119_20,normal-fault
D20110414000897_20,normal-fault
D20120830000068_20,reverse-fault
D20150422000268_20,strike-slip
D20110520000354_20,normal-fault
D20160913000359_20,strike-slip
D20111105000166_20,normal-fault
D20110425000139_20,strike-slip
D20150526000035_20,reverse-fault
D20130811000094_20,strike-slip
D20150304000005_20,strike-slip
D20141130000172_20,reverse-fault
D20130129000312_20,reverse-fault
D20111020000522_20,normal-fault
D20130129000090_20,reverse-fault
D20141111000019_20,normal-fault
D20131112000318_20,reverse-fault
D20160416000252_20,normal-fault
D20160101000012_20,strike-slip
D20110930000730_20,normal-fault
D20121030000071_20,strike-slip
D20120425000097_20,normal-fault
D20110320001260_20,reverse-fault
D20120904000212_20,normal-fault
D20140112000020_20,reverse-fault
D20150325000176_20,reverse-fault
D20151029000252_20,reverse-fault
D20150710000015_20,reverse-fault
D20120103000084_20,strike-slip
D20150804000107_20,strike-slip
D20110418000511_20,normal-fault
D20140617000053_20,reverse-fault
D20110901000619_20,reverse-fault
D20151018000208_20,strike-slip
D20160920000310_20,strike-slip
D20160505000827_20,strike-slip
D20140505000117_20,reverse-fault
D20130801000034_20,reverse-fault
D20120310000084_20,normal-fault
D20111229000236_20,normal-fault
D20120427000076_20,reverse-fault
D20140728000200_20,reverse-fault
D20120520000548_20,reverse-fault
D20110928000535_20,reverse-fault
D20160720000340_20,reverse-fault
D20160913000442_20,normal-fault
D20111004000508_20,normal-fault
D20160427000003_20,reverse-fault
D20130207000295_20,normal-fault
D20110501000401_20,normal-fault
D20121009000115_20,strike-slip
D20110317000618_20,reverse-fault
D20160509000928_20,normal-fault
D20140517000144_20,normal-fault
D20151024000275_20,reverse-fault
D20120128000436_20,strike-slip
D20120818000264_20,strike-slip
D20160704000404_20,reverse-fault
D20160424000531_20,strike-slip
D20110415000825_20,normal-fault
D20110330001381_20,normal-fault
D20160320000210_20,strike-slip
D20130512000223_20,reverse-fault
D20160418001651_20,strike-slip
D20140316000173_20,reverse-fault
D20120219000623_20,normal-fault
D20120125000484_20,reverse-fault
D20160524000724_20,reverse-fault
D20120812000379_20,reverse-fault
D20140702000028_20,reverse-fault
D20110918000590_20,reverse-fault
D20110517000140_20,strike-slip
D20130716000121_20,normal-fault
D20140821000405_20,strike-slip
D20160828000229_20,strike-slip
D20161113000557_20,strike-slip
D20130425000140_20,reverse-fault
D20120817000050_20,normal-fault
D20140503000408_20,strike-slip
D20110411000418_20,reverse-fault
D20160815000355_20,normal-fault
D20130225000475_20,strike-slip
D20160506000944_20,normal-fault
D20140923000267_20,strike-slip
D20111018000319_20,normal-fault
D20160813000334_20,strike-slip
D20130325000116_20,reverse-fault
D20150409000372_20,reverse-fault
D20121115000045_20,strike-slip
D20110925000482_20,reverse-fault
D20161206000383_20,strike-slip
D20150323000278_20,strike-slip
D20140826000067_20,reverse-fault
D20120417000292_20,strike-slip
D20140604000057_20,reverse-fault
D20111122000098_20,strike-slip
D20160917000372_20,strike-slip
D20120305000294_20,reverse-fault
D20110227000031_20,reverse-fault
D20150609000106_20,reverse-fault
D20121127000288_20,strike-slip
D20150618000322_20,reverse-fault
D20120609000262_20,strike-slip
D20110510000354_20,normal-fault
D20130317000179_20,strike-slip
D20110716000294_20,normal-fault
D20161208000610_20,reverse-fault
D20130321000259_20,strike-slip
D20110412000864_20,strike-slip
D20130117000227_20,reverse-fault
D20161106000397_20,strike-slip
D20110419000729_20,normal-fault
D20110818000477_20,normal-fault
D20160602000773_20,reverse-fault
D20130104000226_20,reverse-fault
D20140925000250_20,reverse-fault
D20110312000936_20,reverse-fault
D20150710000056_20,reverse-fault
D20120807000166_20,strike-slip
D20110415000592_20,normal-fault
D20110625000649_20,reverse-fault
D20130223000025_20,normal-fault
D20141216000381_20,reverse-fault
D20130921000332_20,normal-fault
D20111115000130_20,normal-fault
D20141231000523_20,reverse-fault
D20130117000295_20,normal-fault
D20120430000358_20,normal-fault
D20161001000177_20,strike-slip
D20110320000046_20,normal-fault
D20141026000111_20,strike-slip
D20140206000013_20,normal-fault
D20120430000015_20,reverse-fault
D20120827000274_20,reverse-fault
D20140113000170_20,normal-fault
D20110413001042_20,reverse-fault
D20130201000354_20,strike-slip
D20110728000651_20,normal-fault
D20151013000248_20,reverse-fault
D20160926000559_20,strike-slip
D20110827000451_20,normal-fault
D20141112000197_20,reverse-fault
D20141114000398_20,reverse-fault
D20140826000063_20,reverse-fault
D20120425000122_20,reverse-fault
D20120108000554_20,normal-fault
D20130419000072_20,reverse-fault
D20111124000464_20,reverse-fault
D20150317000509_20,strike-slip
D20150129000438_20,reverse-fault
D20141125000683_20,reverse-fault
D20131008000596_20,reverse-fault
D20150630000346_20,normal-fault
D20141105000254_20,strike-slip
D20110419000206_20,strike-slip
D20130225000471_20,strike-slip
D20160417000018_20,strike-slip
D20110705000638_20,reverse-fault
D20120810000342_20,strike-slip
D20150913000007_20,strike-slip
D20110422000766_20,strike-slip
D20150319000081_20,strike-slip
D20150819000163_20,strike-slip
D20120424000446_20,strike-slip
D20140726000095_20,strike-slip
D20111218000444_20,reverse-fault
D20110506000175_20,reverse-fault
D20120327000407_20,normal-fault
D20110410001178_20,reverse-fault
D20140705000147_20,reverse-fault
D20151023000033_20,reverse-fault
D20110315000646_20,strike-slip
D20121217000210_20,reverse-fault
D20121224000358_20,strike-slip
D20141226000460_20,strike-slip
D20130814000324_20,normal-fault
D20160424000421_20,strike-slip
D20130901000271_20,reverse-fault
D20140929000294_20,strike-slip
D20120826000400_20,normal-fault
D20120129000476_20,strike-slip
D20130809000247_20,strike-slip
D20110824000657_20,reverse-fault
D20130122000339_20,normal-fault
D20110623000702_20,reverse-fault
D20111120000109_20,normal-fault
D20110725000162_20,reverse-fault
D20131009000104_20,normal-fault
D20140803000025_20,reverse-fault
D20150630000055_20,strike-slip
D20120225000294_20,normal-fault
D20160704000046_20,reverse-fault
D20120714000232_20,normal-fault
D20110611000257_20,strike-slip
D20140219000010_20,reverse-fault
D20130207000334_20,reverse-fault
D20150806000367_20,reverse-fault
D20110429000642_20,reverse-fault
D20140227000252_20,reverse-fault
D20140228000423_20,reverse-fault
D20161020000272_20,reverse-fault
D20160509000653_20,normal-fault
D20111125000570_20,strike-slip
D20131231000228_20,normal-fault
D20130604000082_20,reverse-fault
D20161119000256_20,strike-slip
D20120925000053_20,strike-slip
D20130923000226_20,strike-slip
D20150320000036_20,reverse-fault
D20120830000107_20,reverse-fault
D20110725000093_20,strike-slip
D20130520000434_20,reverse-fault
D20110818000053_20,reverse-fault
D20160701000618_20,reverse-fault
D20120714000157_20,strike-slip
D20140109000087_20,normal-fault
D20160621000540_20,normal-fault
D20130928000280_20,strike-slip
D20110327000280_20,reverse-fault
D20160425000432_20,reverse-fault
D20130513000333_20,normal-fault
D20160625000292_20,normal-fault
D20120718000098_20,reverse-fault
D20130523000051_20,reverse-fault
D20140101000642_20,reverse-fault
D20120405000037_20,reverse-fault
D20110717000357_20,normal-fault
D20110412001171_20,strike-slip
D20131212000464_20,strike-slip
D20110422000362_20,normal-fault
D20160419000464_20,strike-slip
D20120618000108_20,reverse-fault
D20131203000135_20,reverse-fault
D20131002000382_20,strike-slip
D20110413000523_20,normal-fault
D20130110000311_20,reverse-fault
D20141026000255_20,strike-slip
D20120303000463_20,reverse-fault
D20150705000442_20,reverse-fault
D20111126000493_20,strike-slip
D20120811000029_20,strike-slip
D20130128000007_20,reverse-fault
D20160417000843_20,strike-slip
D20160229000357_20,reverse-fault
D20110412000890_20,normal-fault
D20110411000900_20,normal-fault
D20110928000011_20,normal-fault
D20120908000197_20,reverse-fault
D20161102000479_20,reverse-fault
D20130825000318_20,normal-fault
D20151031000432_20,reverse-fault
D20110528000798_20,normal-fault
D20120218000228_20,reverse-fault
D20120704000434_20,reverse-fault
D20140415000408_20,reverse-fault
D20110716000226_20,normal-fault
D20120214000470_20,strike-slip
D20130112000191_20,normal-fault
D20110830000455_20,strike-slip
D20160508000665_20,strike-slip
D20120509000350_20,reverse-fault
D20110317001035_20,normal-fault
D20160414000497_20,strike-slip
D20151214000274_20,strike-slip
D20110326001166_20,reverse-fault
D20121206000237_20,reverse-fault
D20110426000607_20,normal-fault
D20160204000020_20,reverse-fault
D20130201000182_20,normal-fault
D20110805000007_20,normal-fault
D20110829000273_20,normal-fault
D20160612000226_20,reverse-fault
D20130204000009_20,reverse-fault
D20150331000137_20,reverse-fault
D20110426000433_20,strike-slip
D20110420000134_20,normal-fault
D20160621000515_20,reverse-fault
D20160801000054_20,reverse-fault
D20160619000525_20,normal-fault
D20110501000454_20,reverse-fault
D20120117000168_20,normal-fault
D20160125000006_20,reverse-fault
D20110822000302_20,strike-slip
D20120226000091_20,strike-slip
D20140203000387_20,reverse-fault
D20140322000350_20,reverse-fault
D20120229000059_20,reverse-fault
D20120310000054_20,normal-fault
D20110427000836_20,strike-slip
D20130225000163_20,normal-fault
D20110422000537_20,reverse-fault
D20150328000325_20,normal-fault
D20160504000725_20,strike-slip
D20150917000347_20,reverse-fault
D20120805000126_20,reverse-fault
D20110316000468_20,strike-slip
D20160720000107_20,strike-slip
D20140914000320_20,strike-slip
D20160816000101_20,normal-fault
D20130712000216_20,reverse-fault
D20160424001052_20,strike-slip
D20120316000590_20,strike-slip
D20150805000435_20,reverse-fault
D20121124000177_20,strike-slip
D20140319000109_20,strike-slip
D20150729000436_20,reverse-fault
D20150305000389_20,normal-fault
D20130916000139_20,normal-fault
D20110512000577_20,strike-slip
D20160421000082_20,reverse-fault
D20130706000203_20,strike-slip
D20110810000294_20,normal-fault
D20120301000181_20,reverse-fault
D20150319000025_20,reverse-fault
D20130906000207_20,reverse-fault
D20150626000364_20,reverse-fault
D20130730000019_20,reverse-fault
D20160521000188_20,strike-slip
D20160415001905_20,strike-slip
D20120421000459_20,strike-slip
D20161021000275_20,strike-slip
D20130317000004_20,reverse-fault
D20150918000085_20,reverse-fault
D20160622000366_20,reverse-fault
D20110825000570_20,strike-slip
D20160726000610_20,reverse-fault
D20110626000021_20,normal-fault
D20110325000997_20,reverse-fault
D20110424001081_20,strike-slip
D20150331000284_20,reverse-fault
D20110421000304_20,normal-fault
D20120109000305_20,normal-fault
D20131116000422_20,reverse-fault
D20140506000149_20,reverse-fault
D20120813000287_20,reverse-fault
D20150314000113_20,reverse-fault
D20120221000146_20,normal-fault
D20161203000162_20,normal-fault
D20150717000164_20,normal-fault
D20110621000513_20,reverse-fault
D20151225000356_20,strike-slip
D20130509000032_20,strike-slip
D20120729000202_20,reverse-fault
D20160501001280_20,strike-slip
D20110331000778_20,strike-slip
D20110327000158_20,normal-fault
D20160514000789_20,normal-fault
D20110804000464_20,normal-fault
D20121013000228_20,strike-slip
D20160415000765_20,strike-slip
D20140417000315_20,reverse-fault
D20160412000423_20,strike-slip
D20140922000034_20,normal-fault
D20130706000105_20,normal-fault
D20111105000081_20,reverse-fault
D20121222000249_20,normal-fault
D20111102000444_20,strike-slip
D20130527000270_20,normal-fault
D20110529000082_20,reverse-fault
D20151112000029_20,reverse-fault
D20150527000375_20,strike-slip
D20110512000920_20,normal-fault
D20120118000263_20,normal-fault
D20110414000696_20,normal-fault
D20131207000474_20,reverse-fault
D20130922000203_20,strike-slip
D20161118000323_20,normal-fault
D20110705000901_20,strike-slip
D20110824000570_20,normal-fault
D20120510000144_20,normal-fault
D20110528000917_20,normal-fault
D20110503000610_20,normal-fault
D20120904000342_20,strike-slip
D20141203000496_20,normal-fault
D20140328000161_20,reverse-fault
D20161127000751_20,strike-slip
D20151213000369_20,reverse-fault
D20160427000890_20,normal-fault
D20150906000170_20,normal-fault
D20121031000270_20,reverse-fault
D20160424000439_20,strike-slip
D20130205000270_20,reverse-fault
D20151107000442_20,strike-slip
D20110424000962_20,normal-fault
D20120310000481_20,strike-slip
D20160419000404_20,reverse-fault
D20140828000030_20,reverse-fault
D20140209000240_20,reverse-fault
D20140505000294_20,strike-slip
D20140425000167_20,reverse-fault
D20130310000361_20,strike-slip
D20150228000209_20,normal-fault
D20160926000363_20,strike-slip
D20151207000122_20,normal-fault
D20161112000536_20,reverse-fault
D20160208000018_20,normal-fault
D20121217000198_20,strike-slip
D20151226000033_20,reverse-fault
D20151208000431_20,strike-slip
D20160415000177_20,normal-fault
D20110604000573_20,strike-slip
D20160501001260_20,strike-slip
D20111028000198_20,reverse-fault
D20141228000404_20,reverse-fault
D20120622000212_20,reverse-fault
D20110316000127_20,strike-slip
D20111220000261_20,strike-slip
D20160506000829_20,strike-slip
D20150423000473_20,reverse-fault
D20110619000272_20,strike-slip
D20110330001013_20,strike-slip
D20130501000069_20,strike-slip
D20160224000305_20,reverse-fault
D20131007000480_20,normal-fault
D20120528000272_20,reverse-fault
D20150320000500_20,reverse-fault
D20140824000337_20,reverse-fault
D20110819000025_20,reverse-fault
D20130206000205_20,strike-slip
D20121213000378_20,reverse-fault
D20110323000386_20,normal-fault
D20121117000222_20,reverse-fault
D20160514000980_20,strike-slip
D20131229000241_20,reverse-fault
D20151202000019_20,reverse-fault
D20131030000262_20,normal-fault
D20120924000106_20,reverse-fault
D20160421001461_20,strike-slip
D20110825000035_20,reverse-fault
D20130515000314_20,normal-fault
D20140210000160_20,reverse-fault
D20150922000105_20,reverse-fault
D20140330000250_20,reverse-fault
D20150203000446_20,strike-slip
D20110325000116_20,normal-fault
D20160813000436_20,reverse-fault
D20110316000206_20,strike-slip
D20141118000104_20,strike-slip
D20140429000323_20,reverse-fault
D20130606000216_20,reverse-fault
D20140914000355_20,reverse-fault
D20110411000937_20,normal-fault
D20130704000311_20,reverse-fault
D20140416000357_20,normal-fault
D20160414000538_20,strike-slip
D20131211000253_20,reverse-fault
D20160820000059_20,reverse-fault
D20121128000338_20,strike-slip
D20160529000060_20,normal-fault
D20160417001844_20,strike-slip
D20121108000309_20,strike-slip
D20110412000379_20,strike-slip
D20160509000252_20,normal-fault
D20150924000413_20,reverse-fault
D20120824000178_20,reverse-fault
D20110317001198_20,reverse-fault
D20160419001445_20,reverse-fault
D20110207000006_20,strike-slip
D20110322000168_20,strike-slip
D20130513000343_20,normal-fault
D20120623000373_20,strike-slip
D20120817000287_20,reverse-fault
D20110822000218_20,normal-fault
D20140225000188_20,reverse-fault
D20150617000113_20,reverse-fault
D20110422001041_20,normal-fault
D20160427001321_20,normal-fault
D20151006000044_20,reverse-fault
D20120422000118_20,normal-fault
D20160114000259_20,reverse-fault
D20120508000285_20,reverse-fault
D20160704000286_20,reverse-fault
D20110803000366_20,reverse-fault
D20130612000119_20,strike-slip
D20120621000254_20,reverse-fault
D20110527000474_20,normal-fault
D20110913000622_20,normal-fault
D20130222000006_20,reverse-fault
D20150208000210_20,normal-fault
D20110324000104_20,normal-fault
D20161026000789_20,reverse-fault
D20120107000147_20,strike-slip
D20130826000183_20,reverse-fault
D20130914000317_20,reverse-fault
D20110411000907_20,normal-fault
D20120906000061_20,normal-fault
D20120725000021_20,normal-fault
D20120826000436_20,strike-slip
D20130515000309_20,normal-fault
D20160417000929_20,normal-fault
D20111001000212_20,strike-slip
D20161021000628_20,strike-slip
D20160420000172_20,strike-slip
D20160516000513_20,reverse-fault
D20140503000424_20,strike-slip
D20120927000068_20,strike-slip
D20110330001142_20,reverse-fault
D20160506000383_20,normal-fault
D20151225000310_20,strike-slip
D20140320000122_20,reverse-fault
D20110427000759_20,reverse-fault
D20140207000077_20,reverse-fault
D20110414000612_20,normal-fault
D20141104000335_20,strike-slip
D20150623000013_20,reverse-fault
D20121201000190_20,strike-slip
D20130819000156_20,normal-fault
D20160831000486_20,normal-fault
D20120112000250_20,normal-fault
D20160817000011_20,strike-slip
D20110313000145_20,strike-slip
D20121016000320_20,normal-fault
D20110731000003_20,normal-fault
D20160928000256_20,strike-slip
D20110321001222_20,normal-fault
D20121218000442_20,strike-slip
D20140503000256_20,strike-slip
D20141008000191_20,reverse-fault
D20150207000276_20,strike-slip
D20151122000152_20,reverse-fault
D20150114000477_20,reverse-fault
D20140829000439_20,reverse-fault
D20121008000350_20,reverse-fault
D20150630000152_20,strike-slip
D20120128000197_20,reverse-fault
D20130608000255_20,reverse-fault
D20121001000296_20,strike-slip
D20110326001249_20,normal-fault
D20110408000265_20,normal-fault
D20161112000073_20,normal-fault
D20140616000343_20,strike-slip
D20161111000258_20,strike-slip
D20140630000110_20,strike-slip
D20160419001327_20,strike-slip
D20130804000172_20,strike-slip
D20111219000585_20,normal-fault
D20121014000407_20,reverse-fault
D20120820000021_20,strike-slip
D20110417000222_20,strike-slip
D20150814000273_20,normal-fault
D20131216000098_20,normal-fault
D20160303000321_20,strike-slip
D20130829000161_20,normal-fault
D20160417001472_20,normal-fault
D20130313000105_20,reverse-fault
D20120825000187_20,normal-fault
D20120220000519_20,normal-fault
D20140708000073_20,reverse-fault
D20110515001015_20,reverse-fault
D20140411000020_20,reverse-fault
D20110412000940_20,normal-fault
D20150517000152_20,strike-slip
D20110517000803_20,reverse-fault
D20120106000149_20,reverse-fault
D20160602000627_20,reverse-fault
D20161210000274_20,strike-slip
D20110414000975_20,normal-fault
D20111015000345_20,normal-fault
D20120617000289_20,reverse-fault
D20130510000028_20,strike-slip
D20130905000057_20,normal-fault
D20150813000184_20,reverse-fault
D20130915000122_20,strike-slip
D20150525000323_20,strike-slip
D20120226000424_20,reverse-fault
D20150418000367_20,reverse-fault
D20110830000382_20,strike-slip
D20160219000181_20,reverse-fault
D20110805000728_20,reverse-fault
D20140627000405_20,reverse-fault
D20151223000201_20,strike-slip
D20120615000323_20,reverse-fault
D20160419001393_20,reverse-fault
D20130225000270_20,strike-slip
D20120115000221_20,strike-slip
D20150906000077_20,strike-slip
D20130425000253_20,normal-fault
D20131201000476_20,strike-slip
D20130719000170_20,strike-slip
D20140422000495_20,strike-slip
D20160517000282_20,reverse-fault
D20150209000494_20,reverse-fault
D20120710000260_20,strike-slip
D20160501000047_20,reverse-fault
D20121228000313_20,strike-slip
D20110703000082_20,reverse-fault
D20110715000061_20,reverse-fault
D20160713000212_20,reverse-fault
D20110417001110_20,normal-fault
D20110622000277_20,normal-fault
D20131113000202_20,normal-fault
D20110426000793_20,normal-fault
D20110327000319_20,normal-fault
D20160419001090_20,reverse-fault
D20120229000035_20,reverse-fault
D20120401000050_20,normal-fault
D20131107000055_20,normal-fault
D20160704000640_20,reverse-fault
D20110426000438_20,strike-slip
D20110806000452_20,normal-fault
D20110920000436_20,reverse-fault
D20130726000253_20,normal-fault
D20141021000274_20,normal-fault
D20151217000199_20,reverse-fault
D20160430000041_20,strike-slip
D20150212000119_20,reverse-fault
D20160418000635_20,normal-fault
D20110529000572_20,normal-fault
D20161216000143_20,strike-slip
D20121014000284_20,strike-slip
D20111125000146_20,strike-slip
D20111005000714_20,normal-fault
D20130922000003_20,reverse-fault
D20130609000010_20,strike-slip
D20110327000960_20,reverse-fault
D20140421000354_20,normal-fault
D20111113000556_20,reverse-fault
D20120128000789_20,reverse-fault
D20120810000132_20,normal-fault
D20110414000032_20,strike-slip
D20120304000309_20,strike-slip
D20130103000348_20,reverse-fault
D20140725000284_20,reverse-fault
D20160505000924_20,normal-fault
D20120924000200_20,strike-slip
D20141017000229_20,reverse-fault
D20160817000149_20,normal-fault
D20150912000168_20,reverse-fault
D20160918000242_20,strike-slip
D20120210000351_20,normal-fault
D20110128000145_20,normal-fault
D20130804000234_20,reverse-fault
D20150605000377_20,normal-fault
D20110401000985_20,strike-slip
D20131117000023_20,reverse-fault
D20130812000146_20,reverse-fault
D20150314000013_20,reverse-fault
D20110413000399_20,normal-fault
D20110705000550_20,normal-fault
D20130721000238_20,normal-fault
D20110707000153_20,normal-fault
D20130503000102_20,normal-fault
D20130829000308_20,reverse-fault
D20130225000217_20,strike-slip
D20141014000092_20,strike-slip
D20160428001286_20,reverse-fault
D20140401000019_20,normal-fault
D20110609000383_20,normal-fault
D20160120000364_20,normal-fault
D20151214000178_20,normal-fault
D20160115000085_20,reverse-fault
D20120121000091_20,reverse-fault
D20110325000466_20,normal-fault
D20151130000129_20,reverse-fault
D20140122000419_20,reverse-fault
D20131126000361_20,strike-slip
D20110513000372_20,reverse-fault
D20130821000184_20,strike-slip
D20120323000287_20,reverse-fault
D20110620000277_20,normal-fault
D20150319000089_20,strike-slip
D20110412000464_20,normal-fault
D20121220000094_20,reverse-fault
D20120205000402_20,reverse-fault
D20160630000154_20,reverse-fault
D20150307000034_20,reverse-fault
D20120518000406_20,reverse-fault
D20150430000224_20,reverse-fault
D20140117000415_20,normal-fault
D20110512000155_20,reverse-fault
D20120705000337_20,strike-slip
D20160629000121_20,strike-slip
D20110411000943_20,normal-fault
D20120609000338_20,reverse-fault
D20150328000450_20,reverse-fault
D20120826000047_20,normal-fault
D20130531000208_20,normal-fault
D20111105000034_20,normal-fault
D20130716000005_20,normal-fault
D20150505000345_20,normal-fault
D20160227000365_20,reverse-fault
D20120603000011_20,strike-slip
D20140503000404_20,strike-slip
D20110414000174_20,normal-fault
D20110816000670_20,normal-fault
D20110528000155_20,strike-slip
D20130902000223_20,strike-slip
D20110808000174_20,reverse-fault
D20151031000295_20,strike-slip
D20110415001175_20,normal-fault
D20131221000211_20,reverse-fault
D20150814000339_20,strike-slip
D20131225000332_20,strike-slip
D20121030000151_20,strike-slip
D20140622000241_20,reverse-fault
D20121221000270_20,strike-slip
D20161110000109_20,reverse-fault
D20130405000170_20,reverse-fault
D20160106000413_20,strike-slip
D20120128000492_20,reverse-fault
D20110413000377_20,normal-fault
D20130425000020_20,strike-slip
D20120206000180_20,normal-fault
D20160416001029_20,strike-slip
D20161205000237_20,reverse-fault
D20120626000138_20,reverse-fault
D20110318000472_20,strike-slip
D20140706000108_20,reverse-fault
D20110730000407_20,normal-fault
D20141018000385_20,normal-fault
D20140417000143_20,strike-slip
D20150513000045_20,strike-slip
D20150326000236_20,strike-slip
D20161027000337_20,normal-fault
D20130813000229_20,normal-fault
D20110518000209_20,normal-fault
D20110414001219_20,normal-fault
D20150912000103_20,strike-slip
D20160903000165_20,strike-slip
D20140709000262_20,normal-fault
D20131104000323_20,reverse-fault
D20150217000064_20,normal-fault
D20160418001573_20,normal-fault
D20120315000730_20,reverse-fault
D20131201000449_20,normal-fault
D20160321000121_20,normal-fault
D20120126000153_20,reverse-fault
D20110902000236_20,reverse-fault
D20121023000041_20,reverse-fault
D20120222000503_20,strike-slip
D20160415000408_20,strike-slip
D20121008000245_20,reverse-fault
D20130608000241_20,reverse-fault
D20110416000873_20,strike-slip
D20161021000352_20,strike-slip
D20150906000230_20,reverse-fault
D20110323001176_20,reverse-fault
D20120328000342_20,reverse-fault
D20140513000245_20,normal-fault
D20150103000107_20,reverse-fault
D20110415001181_20,strike-slip
D20121006000105_20,reverse-fault
D20140611000337_20,strike-slip
D20120718000177_20,strike-slip
D20160529000420_20,strike-slip
D20120722000375_20,strike-slip
D20160420001060_20,strike-slip
D20110528000455_20,reverse-fault
D20160416000242_20,strike-slip
D20120403000362_20,reverse-fault
D20130822000035_20,reverse-fault
D20120928000250_20,normal-fault
D20110613000606_20,reverse-fault
D20110929000331_20,reverse-fault
D20120524000219_20,reverse-fault
D20110416000933_20,strike-slip
D20110825000338_20,normal-fault
D20130729000272_20,reverse-fault
D20120522000163_20,reverse-fault
D20120418000358_20,reverse-fault
D20130122000205_20,reverse-fault
D20160418000353_20,normal-fault
D20160913000581_20,strike-slip
D20160528000262_20,reverse-fault
D20130316000127_20,reverse-fault
D20110601000294_20,normal-fault
D20110330000032_20,normal-fault
D20131112000081_20,normal-fault
D20160614000099_20,reverse-fault
D20111005000493_20,strike-slip
D20160416001221_20,strike-slip
D20160626000332_20,normal-fault
D20160414000440_20,strike-slip
D20110823000236_20,reverse-fault
D20110324001242_20,normal-fault
D20140328000289_20,reverse-fault
D20151113000119_20,reverse-fault
D20130822000045_20,normal-fault
D20160313000204_20,reverse-fault
D20160415000219_20,strike-slip
D20110613000033_20,strike-slip
D20110724000804_20,normal-fault
D20120113000472_20,normal-fault
D20110324000452_20,reverse-fault
D20140109000325_20,reverse-fault
D20130131000320_20,strike-slip
D20161001000557_20,reverse-fault
D20120413000401_20,normal-fault
D20160716000595_20,strike-slip
D20110419001081_20,reverse-fault
D20110619000542_20,normal-fault
D20151226000527_20,normal-fault
D20120327000420_20,reverse-fault
D20110712000347_20,normal-fault
D20140829000491_20,normal-fault
D20140411000155_20,strike-slip
D20120701000213_20,normal-fault
D20110506000352_20,normal-fault
D20140301000442_20,reverse-fault
D20130513000330_20,normal-fault
D20131031000113_20,reverse-fault
D20121013000454_20,reverse-fault
D20141018000041_20,reverse-fault
D20110413000448_20,normal-fault
D20160420000440_20,normal-fault
D20130113000215_20,reverse-fault
D20120229000052_20,reverse-fault
D20110416000555_20,reverse-fault
D20110417000850_20,normal-fault
D20120529000048_20,reverse-fault
D20110308000027_20,strike-slip
D20150710000173_20,reverse-fault
D20110612000065_20,strike-slip
D20130601000184_20,reverse-fault
D20121002000238_20,strike-slip
D20120414000326_20,normal-fault
D20130311000219_20,strike-slip
D20130516000275_20,reverse-fault
D20160901000322_20,normal-fault
D20161205000357_20,strike-slip
D20160919000457_20,strike-slip
D20160421001263_20,strike-slip
D20160115000413_20,strike-slip
D20140818000097_20,reverse-fault
D20110627000283_20,normal-fault
D20150407000013_20,reverse-fault
D20150718000374_20,normal-fault
D20120621000197_20,reverse-fault
D20110905000524_20,strike-slip
D20120224000223_20,reverse-fault
D20111212000360_20,normal-fault
D20110630000857_20,reverse-fault
D20130717000203_20,strike-slip
D20110915000547_20,normal-fault
D20110605000785_20,normal-fault
D20110912000340_20,strike-slip
D20120613000333_20,reverse-fault
D20151101000231_20,reverse-fault
D20110316000805_20,reverse-fault
D20120524000006_20,reverse-fault
D20110326001170_20,normal-fault
D20160707000525_20,strike-slip
D20120214000255_20,normal-fault
D20120405000406_20,reverse-fault
D20110602000561_20,normal-fault
D20131002000444_20,strike-slip
D20130225000424_20,strike-slip
D20161026000089_20,normal-fault
D20140318000403_20,strike-slip
D20160627000425_20,strike-slip
D20140710000233_20,reverse-fault
D20111111000120_20,strike-slip
D20140408000404_20,strike-slip
D20110917000020_20,strike-slip
D20160812000456_20,reverse-fault
D20111223000036_20,normal-fault
D20150522000218_20,normal-fault
D20160428000651_20,strike-slip
D20160225000400_20,reverse-fault
D20111117000462_20,strike-slip
D20160224000410_20,strike-slip
D20121223000341_20,normal-fault
D20110708000134_20,reverse-fault
D20111009000513_20,strike-slip
D20110919000125_20,reverse-fault
D20110528000976_20,normal-fault
D20141213000384_20,normal-fault
D20120830000449_20,strike-slip
D20160516000744_20,reverse-fault
D20120101000009_20,strike-slip
D20160416000402_20,strike-slip
D20151204000187_20,reverse-fault
D20150330000009_20,strike-slip
D20160709000495_20,normal-fault
D20130627000120_20,reverse-fault
D20161022001221_20,strike-slip
D20120606000175_20,reverse-fault
D20130128000065_20,normal-fault
D20121029000394_20,normal-fault
D20150122000451_20,reverse-fault
D20160430000334_20,strike-slip
D20160320000205_20,normal-fault
D20160426001305_20,strike-slip
D20130813000050_20,strike-slip
D20131012000062_20,reverse-fault
D20140208000049_20,reverse-fault
D20130803000141_20,normal-fault
D20110817000325_20,reverse-fault
D20110411001192_20,normal-fault
D20110423000419_20,normal-fault
D20120205000204_20,reverse-fault
D20110227000101_20,reverse-fault
D20141222000033_20,reverse-fault
D20141208000400_20,normal-fault
D20130225000304_20,strike-slip
D20110404000653_20,normal-fault
D20131102000110_20,reverse-fault
D20120604000313_20,normal-fault
D20160815000109_20,reverse-fault
D20110421000700_20,normal-fault
D20110905000321_20,normal-fault
D20130422000302_20,reverse-fault
D20111213000107_20,reverse-fault
D20161208000589_20,reverse-fault
D20110322000395_20,normal-fault
D20130114000277_20,reverse-fault
D20160911000333_20,strike-slip
D20110715000221_20,reverse-fault
D20141027000281_20,reverse-fault
D20161015000214_20,normal-fault
D20110412000472_20,normal-fault
D20161211000016_20,reverse-fault
D20130430000173_20,strike-slip
D20120716000399_20,strike-slip
D20110323000366_20,strike-slip
D20110315000947_20,normal-fault
D20120209000307_20,strike-slip
D20110316001321_20,reverse-fault
D20161031000377_20,strike-slip
D20130702000081_20,reverse-fault
D20121110000119_20,reverse-fault
D20131221000495_20,reverse-fault
D20130303000298_20,strike-slip
D20120815000031_20,normal-fault
D20110604000095_20,strike-slip
D20120929000298_20,strike-slip
D20110817000185_20,reverse-fault
D20160426000249_20,strike-slip
D20160415002007_20,strike-slip
D20110826000482_20,normal-fault
D20121210000427_20,strike-slip
D20120118000529_20,strike-slip
D20110320000666_20,reverse-fault
D20110426000010_20,normal-fault
D20150120000017_20,reverse-fault
D20131024000244_20,normal-fault
D20140102000379_20,reverse-fault
D20130308000287_20,reverse-fault
D20130829000288_20,strike-slip
D20140716000467_20,normal-fault
D20160225000259_20,reverse-fault
D20160107000069_20,reverse-fault
D20161011000149_20,strike-slip
D20110527000726_20,normal-fault
D20110911000553_20,reverse-fault
D20151108000160_20,strike-slip
D20121025000210_20,normal-fault
D20120417000381_20,strike-slip
D20140314000047_20,strike-slip
D20161015000091_20,reverse-fault
D20110813000073_20,strike-slip
D20110930000486_20,normal-fault
D20141219000259_20,reverse-fault
D20160305000421_20,strike-slip
D20110712000202_20,strike-slip
D20121124000271_20,reverse-fault
D20121229000256_20,strike-slip
D20160123000026_20,strike-slip
D20160121000157_20,strike-slip
D20110417001235_20,normal-fault
D20160203000046_20,reverse-fault
D20120817000078_20,strike-slip
D20130111000211_20,reverse-fault
D20110325000781_20,strike-slip
D20151204000093_20,reverse-fault
D20140408000028_20,reverse-fault
D20130305000241_20,strike-slip
D20160525000517_20,reverse-fault
D20120725000208_20,normal-fault
D20160420000583_20,normal-fault
D20110422000210_20,strike-slip
D20131103000037_20,reverse-fault
D20140116000184_20,reverse-fault
D20150315000517_20,strike-slip
D20130815000120_20,reverse-fault
D20110414000616_20,strike-slip
D20150519000317_20,strike-slip
D20111203000170_20,reverse-fault
D20160616000634_20,reverse-fault
D20130331000198_20,reverse-fault
D20110217000118_20,normal-fault
D20140825000266_20,strike-slip
D20131121000364_20,reverse-fault
D20160629000204_20,strike-slip
D20120825000185_20,reverse-fault
D20140904000208_20,strike-slip
D20111105000023_20,reverse-fault
D20110503000476_20,normal-fault
D20140503000277_20,strike-slip
D20150413000134_20,reverse-fault
D20131227000394_20,reverse-fault
D20120914000052_20,reverse-fault
D20110316000032_20,strike-slip
D20110411000435_20,normal-fault
D20120930000386_20,normal-fault
D20110717000561_20,strike-slip
D20160417000770_20,strike-slip
D20110418000794_20,normal-fault
D20110729000608_20,normal-fault
D20110723000725_20,reverse-fault
D20160509000759_20,reverse-fault
D20161118000244_20,strike-slip
D20160616000678_20,reverse-fault
D20120704000286_20,reverse-fault
D20141123000950_20,strike-slip
D20140116000220_20,reverse-fault
D20150823000331_20,strike-slip
D20140601000277_20,normal-fault
D20120128000220_20,strike-slip
D20161011000022_20,reverse-fault
D20160415000004_20,strike-slip
D20110829000346_20,normal-fault
D20110421001063_20,reverse-fault
D20150126000190_20,reverse-fault
D20110630000324_20,strike-slip
D20130813000187_20,normal-fault
D20111004000444_20,strike-slip
D20110421001089_20,reverse-fault
D20150212000495_20,strike-slip
D20160503000959_20,reverse-fault
D20130406000107_20,normal-fault
D20130816000139_20,reverse-fault
D20110721000633_20,normal-fault
D20121228000247_20,reverse-fault
D20121122000040_20,reverse-fault
D20150919000412_20,reverse-fault
D20150118000452_20,reverse-fault
D20110430000904_20,normal-fault
D20110801000576_20,reverse-fault
D20150324000288_20,reverse-fault
D20131204000116_20,reverse-fault
D20150305000394_20,reverse-fault
D20160604000026_20,strike-slip
D20160418000618_20,reverse-fault
D20140107000482_20,reverse-fault
D20140713000562_20,normal-fault
D20110509000906_20,reverse-fault
D20140503000486_20,strike-slip
D20120402000348_20,normal-fault
D20150211000410_20,reverse-fault
D20140628000280_20,reverse-fault
D20111021000586_20,normal-fault
D20160731000093_20,reverse-fault
D20130601000404_20,reverse-fault
D20110710000284_20,reverse-fault
D20121123000002_20,strike-slip
D20141128000372_20,reverse-fault
D20140620000050_20,reverse-fault
D20150814000110_20,reverse-fault
D20120716000106_20,reverse-fault
D20160416001255_20,normal-fault
D20140220000227_20,reverse-fault
D20150906000211_20,strike-slip
D20151104000001_20,strike-slip
D20141003000396_20,strike-slip
D20161128000091_20,reverse-fault
D20150810000241_20,strike-slip
D20140104000349_20,strike-slip
D20161021000547_20,strike-slip
D20111212000525_20,normal-fault
D20120804000217_20,reverse-fault
D20161101000135_20,strike-slip
D20120525000110_20,strike-slip
D20121221000013_20,reverse-fault
D20140503000214_20,strike-slip
D20130814000237_20,normal-fault
D20120817000094_20,normal-fault
D20160422000409_20,strike-slip
D20131031000451_20,strike-slip
D20160416001283_20,normal-fault
D20160425001318_20,strike-slip
D20110320000089_20,normal-fault
D20140320000013_20,reverse-fault
D20110903000210_20,normal-fault
D20140103000291_20,reverse-fault
D20140404000211_20,strike-slip
D20110402000921_20,normal-fault
D20131201000177_20,strike-slip
D20161123001079_20,strike-slip
D20110821000289_20,strike-slip
D20131116000433_20,reverse-fault
D20151122000140_20,strike-slip
D20161016000325_20,normal-fault
D20110318000095_20,reverse-fault
D20120924000045_20,strike-slip
D20130131000369_20,normal-fault
D20110421000026_20,strike-slip
D20130314000064_20,reverse-fault
D20140308000066_20,reverse-fault
D20131113000364_20,reverse-fault
D20151005000415_20,reverse-fault
D20110326000753_20,reverse-fault
D20110426000604_20,normal-fault
D20160930000097_20,reverse-fault
D20120306000245_20,reverse-fault
D20110513000473_20,normal-fault
D20160719000366_20,strike-slip
D20130301000158_20,strike-slip
D20130420000016_20,normal-fault
D20131004000214_20,reverse-fault
D20120504000181_20,reverse-fault
D20150827000236_20,strike-slip
D20130611000162_20,normal-fault
D20111225000365_20,reverse-fault
D20110527001483_20,strike-slip
D20110730000340_20,reverse-fault
D20120718000105_20,reverse-fault
D20110605000815_20,strike-slip
D20120330000302_20,reverse-fault
D20140706000176_20,reverse-fault
D20160719000464_20,reverse-fault
D20130413000094_20,reverse-fault
D20130429000304_20,reverse-fault
D20160419001521_20,strike-slip
D20140412000175_20,reverse-fault
D20160111000016_20,reverse-fault
D20120902000072_20,reverse-fault
D20160901000190_20,normal-fault
D20161029000444_20,strike-slip
D20130903000035_20,reverse-fault
D20120727000417_20,reverse-fault
D20111219000060_20,normal-fault
D20130607000018_20,reverse-fault
D20130910000328_20,normal-fault
D20120301000498_20,strike-slip
D20150221000126_20,reverse-fault
D20110326001255_20,normal-fault
D20110326001552_20,reverse-fault
D20130305000373_20,normal-fault
D20140418000122_20,reverse-fault
D20120830000217_20,reverse-fault
D20111125000641_20,strike-slip
D20130618000179_20,reverse-fault
D20161019000551_20,reverse-fault
D20120510000363_20,reverse-fault
D20130619000211_20,strike-slip
D20151222000011_20,reverse-fault
D20150730000373_20,normal-fault
D20141123000766_20,strike-slip
D20110415000822_20,normal-fault
D20110524000391_20,reverse-fault
D20120225000479_20,reverse-fault
D20130823000304_20,normal-fault
D20121205000105_20,reverse-fault
D20120812000424_20,strike-slip
D20110908000195_20,normal-fault
D20110827000378_20,normal-fault
D20130206000300_20,reverse-fault
D20111124000247_20,reverse-fault
D20160713000183_20,reverse-fault
D20140916000422_20,reverse-fault
D20130620000323_20,strike-slip
D20160819000264_20,strike-slip
D20120325000202_20,normal-fault
D20151225000032_20,normal-fault
D20150214000501_20,strike-slip
D20160111000304_20,reverse-fault
D20150902000435_20,strike-slip
D20120317000354_20,reverse-fault
D20120310000545_20,normal-fault
D20120409000357_20,reverse-fault
D20131117000505_20,reverse-fault
D20140408000082_20,strike-slip
D20140711000580_20,strike-slip
D20141211000372_20,reverse-fault
D20110417000203_20,normal-fault
D20110802000488_20,reverse-fault
D20160425000615_20,strike-slip
D20110410001159_20,normal-fault
D20120801000213_20,reverse-fault
D20110715000661_20,reverse-fault
D20120319000309_20,reverse-fault
D20160415000600_20,strike-slip
D20161007000188_20,reverse-fault
D20110805000095_20,reverse-fault
D20130606000231_20,reverse-fault
D20120429000374_20,reverse-fault
D20131115000197_20,reverse-fault
D20140408000467_20,reverse-fault
D20120321000547_20,reverse-fault
D20110720000342_20,normal-fault
D20160504000767_20,normal-fault
D20140304000101_20,normal-fault
D20160214000325_20,reverse-fault
D20110410000610_20,reverse-fault
D20151223000432_20,normal-fault
D20140319000048_20,reverse-fault
D20110330001173_20,strike-slip
D20111105000383_20,strike-slip
D20120828000272_20,normal-fault
D20120210000009_20,reverse-fault
D20110826000156_20,normal-fault
D20120613000140_20,normal-fault
D20140519000350_20,reverse-fault
D20120909000264_20,reverse-fault
D20140613000209_20,strike-slip
D20130604000283_20,reverse-fault
D20110413000200_20,strike-slip
D20160416000180_20,strike-slip
D20130124000097_20,reverse-fault
D20131119000102_20,reverse-fault
D20140403000009_20,strike-slip
D20120430000364_20,normal-fault
D20150822000151_20,reverse-fault
D20110530000024_20,normal-fault
D20160322000263_20,normal-fault
D20130813000095_20,normal-fault
D20110613000481_20,strike-slip
D20160809000072_20,normal-fault
D20140720000367_20,reverse-fault
D20150520000463_20,reverse-fault
D20130202000206_20,strike-slip
D20110820000558_20,normal-fault
D20131124000083_20,normal-fault
D20130328000290_20,strike-slip
D20140910000230_20,reverse-fault
D20140402000115_20,strike-slip
D20151222000507_20,reverse-fault
D20110628000749_20,strike-slip
D20111029000513_20,strike-slip
D20111225000027_20,reverse-fault
D20141024000175_20,strike-slip
D20120529000644_20,reverse-fault
D20120129000407_20,strike-slip
D20130515000181_20,normal-fault
D20150508000104_20,reverse-fault
D20110425000134_20,normal-fault
D20160719000376_20,reverse-fault
D20130515000186_20,normal-fault
D20160820000243_20,reverse-fault
D20160416001337_20,strike-slip
D20120318000223_20,normal-fault
D20120209000390_20,reverse-fault
D20141213000081_20,strike-slip
D20130529000067_20,reverse-fault
D20111114000134_20,normal-fault
D20160704000437_20,reverse-fault
D20150804000152_20,strike-slip
D20131230000298_20,strike-slip
D20161021000781_20,strike-slip
D20140820000214_20,reverse-fault
D20120205000238_20,reverse-fault
D20160513000041_20,normal-fault
D20110320000694_20,strike-slip
D20130511000018_20,strike-slip
D20120929000122_20,reverse-fault
D20160612000280_20,reverse-fault
D20120728000135_20,strike-slip
D20160416000177_20,reverse-fault
D20110403000607_20,reverse-fault
D20110414000581_20,normal-fault
D20111023000571_20,reverse-fault
D20150709000317_20,reverse-fault
D20140222000134_20,reverse-fault
D20130930000154_20,strike-slip
D20160927000114_20,strike-slip
D20140227000449_20,reverse-fault
D20121121000015_20,strike-slip
D20110629000746_20,normal-fault
D20130224000350_20,reverse-fault
D20131129000264_20,reverse-fault
D20160417000072_20,strike-slip
D20140403000177_20,strike-slip
D20150521000447_20,reverse-fault
D20110926000649_20,normal-fault
D20161213000178_20,reverse-fault
D20160427000457_20,strike-slip
D20150809000280_20,normal-fault
D20130914000032_20,strike-slip
D20160517000279_20,reverse-fault
D20140806000032_20,strike-slip
D20110603000159_20,strike-slip
D20111020000304_20,strike-slip
D20110421000279_20,reverse-fault
D20161003000426_20,strike-slip
D20160409000293_20,normal-fault
D20140606000121_20,reverse-fault
D20110618000202_20,strike-slip
D20160814000152_20,strike-slip
D20141005000060_20,strike-slip
D20130313000072_20,strike-slip
D20121001000176_20,reverse-fault
D20130908000166_20,strike-slip
D20151219000063_20,reverse-fault
D20120116000302_20,reverse-fault
D20130519000018_20,reverse-fault
D20160506000111_20,normal-fault
D20130602000077_20,reverse-fault
D20160610000453_20,reverse-fault
D20110621000685_20,strike-slip
D20130818000029_20,reverse-fault
D20130312000060_20,normal-fault
D20160411000029_20,normal-fault
D20130103000007_20,normal-fault
D20160915000044_20,reverse-fault
D20111214000420_20,strike-slip
D20150805000019_20,reverse-fault
D20130201000415_20,reverse-fault
D20110408000675_20,strike-slip
D20111125000180_20,strike-slip
D20140512000132_20,normal-fault
D20141111000281_20,strike-slip
D20160421001548_20,strike-slip
D20110419001000_20,normal-fault
D20120427000323_20,strike-slip
D20151129000269_20,reverse-fault
D20120201000178_20,strike-slip
D20160112000006_20,reverse-fault
D20160117000183_20,reverse-fault
D20151217000141_20,strike-slip
D20140404000103_20,reverse-fault
D20120214000194_20,normal-fault
D20160428000167_20,strike-slip
D20151018000200_20,strike-slip
D20110708000541_20,normal-fault
D20160202000327_20,reverse-fault
D20140806000025_20,strike-slip
D20120220000506_20,strike-slip
D20140801000021_20,reverse-fault
D20150110000074_20,reverse-fault
D20111031000266_20,reverse-fault
D20110814000657_20,normal-fault
D20160201000024_20,normal-fault
D20131117000156_20,strike-slip
D20140503000385_20,strike-slip
D20140826000194_20,strike-slip
D20120217000157_20,strike-slip
D20160419001104_20,strike-slip
D20160723000375_20,strike-slip
D20151216000002_20,reverse-fault
D20110707000413_20,reverse-fault
D20120123000390_20,reverse-fault
D20150610000421_20,reverse-fault
D20121219000111_20,reverse-fault
D20110811000653_20,normal-fault
D20140908000254_20,strike-slip
D20121108000069_20,reverse-fault
D20130411000332_20,reverse-fault
D20120304000511_20,strike-slip
D20160219000462_20,strike-slip
D20161020000233_20,normal-fault
D20130731000159_20,normal-fault
D20160827000471_20,reverse-fault
D20160503000750_20,strike-slip
D20120722000305_20,normal-fault
D20111007000264_20,strike-slip
D20160415000064_20,normal-fault
D20160716000582_20,strike-slip
D20160519000349_20,strike-slip
D20140513000161_20,reverse-fault
D20160814000158_20,reverse-fault
D20110410000246_20,normal-fault
D20160414000581_20,strike-slip
D20110630000447_20,reverse-fault
D20110412000262_20,normal-fault
D20160926000279_20,reverse-fault
D20130616000041_20,reverse-fault
D20131128000149_20,reverse-fault
D20110323001596_20,normal-fault
D20110329001030_20,reverse-fault
D20120605000404_20,strike-slip
D20151006000348_20,reverse-fault
D20131012000145_20,normal-fault
D20151018000255_20,reverse-fault
D20150716000115_20,normal-fault
D20110421000170_20,reverse-fault
D20110418000461_20,strike-slip
D20160724000499_20,strike-slip
D20140602000214_20,normal-fault
D20110407000998_20,reverse-fault
D20140119000043_20,reverse-fault
D20110414001042_20,normal-fault
D20110414000421_20,normal-fault
D20110624000800_20,strike-slip
D20120611000093_20,strike-slip
D20160125000051_20,normal-fault
D20130920000034_20,strike-slip
D20111204000101_20,normal-fault
D20130502000072_20,reverse-fault
D20130521000362_20,strike-slip
D20110525000558_20,normal-fault
D20111024000099_20,normal-fault
D20130222000140_20,strike-slip
D20110426000059_20,normal-fault
D20140929000349_20,reverse-fault
D20140526000326_20,strike-slip
D20110418000771_20,normal-fault
D20110331000509_20,reverse-fault
D20130822000223_20,reverse-fault
D20161105000194_20,reverse-fault
D20111104000630_20,reverse-fault
D20150324000020_20,strike-slip
D20120402000283_20,strike-slip
D20150503000408_20,strike-slip
D20121124000019_20,reverse-fault
D20140826000298_20,strike-slip
D20140410000284_20,reverse-fault
D20140924000433_20,normal-fault
D20120101000650_20,normal-fault
D20151222000034_20,reverse-fault
D20160420000277_20,strike-slip
D20140124000118_20,strike-slip
D20110430000335_20,reverse-fault
D20131230000401_20,normal-fault
D20120512000296_20,strike-slip
D20130613000251_20,reverse-fault
D20160928000069_20,strike-slip
D20161112000185_20,reverse-fault
D20120118000230_20,reverse-fault
D20140603000376_20,reverse-fault
D20161119000429_20,normal-fault
D20120513000364_20,reverse-fault
D20130529000117_20,strike-slip
D20160730000548_20,normal-fault
D20110413000249_20,reverse-fault
D20160711000592_20,strike-slip
D20110227000059_20,reverse-fault
D20130920000221_20,reverse-fault
D20111026000366_20,normal-fault
D20120902000472_20,strike-slip
D20110327000977_20,normal-fault
D20111023000236_20,normal-fault
D20160524000754_20,normal-fault
D20130530000016_20,reverse-fault
D20120325000099_20,reverse-fault
D20160726000489_20,strike-slip
D20120207000455_20,reverse-fault
D20131207000209_20,strike-slip
D20141205000369_20,strike-slip
D20160822000381_20,normal-fault
D20110315000641_20,strike-slip
D20130902000066_20,reverse-fault
D20120817000238_20,strike-slip
D20140909000134_20,normal-fault
D20110325001400_20,normal-fault
D20110824000048_20,normal-fault
D20130302000119_20,strike-slip
D20151017000363_20,strike-slip
D20150101000285_20,normal-fault
D20150721000114_20,strike-slip
D20131021000122_20,reverse-fault
D20130829000246_20,reverse-fault
D20110405000901_20,normal-fault
D20120822000171_20,reverse-fault
D20140514000152_20,reverse-fault
D20160606000606_20,normal-fault
D20131109000316_20,reverse-fault
D20111029000268_20,normal-fault
D20110704000105_20,normal-fault
D20131122000110_20,reverse-fault
D20110404000737_20,reverse-fault
D20110501000467_20,reverse-fault
D20160308000392_20,strike-slip
D20121121000166_20,reverse-fault
D20110527000763_20,strike-slip
D20110319000449_20,reverse-fault
D20120128000188_20,reverse-fault
D20160620000259_20,strike-slip
D20120128000280_20,reverse-fault
D20110729000213_20,normal-fault
D20141005000218_20,reverse-fault
D20111210000319_20,reverse-fault
D20121212000318_20,normal-fault
D20160516000871_20,reverse-fault
D20110709000651_20,normal-fault
D20110521000952_20,normal-fault
D20111126000246_20,strike-slip
D20110530000121_20,reverse-fault
D20110719000128_20,normal-fault
D20120102000108_20,normal-fault
D20140924000408_20,reverse-fault
D20140314000096_20,strike-slip
D20121222000026_20,strike-slip
D20121016000269_20,strike-slip
D20110623000759_20,reverse-fault
D20130505000265_20,reverse-fault
D20130331000259_20,reverse-fault
D20120128000306_20,reverse-fault
D20150820000439_20,strike-slip
D20110722000328_20,normal-fault
D20121204000095_20,strike-slip
D20111227000338_20,normal-fault
D20151109000334_20,reverse-fault
D20131114000162_20,strike-slip
D20120310000102_20,normal-fault
D20120530000378_20,strike-slip
D20160430001342_20,strike-slip
D20140324000355_20,reverse-fault
D20130604000148_20,reverse-fault
D20130602000080_20,reverse-fault
D20161201000795_20,normal-fault
D20160429001269_20,strike-slip
D20121118000357_20,normal-fault
D20160420001172_20,normal-fault
D20150108000244_20,strike-slip
D20130117000146_20,reverse-fault
D20110313000816_20,strike-slip
D20130227000367_20,reverse-fault
D20151228000340_20,strike-slip
D20161021000502_20,strike-slip
D20111206000306_20,reverse-fault
D20160730000461_20,normal-fault
D20141012000181_20,reverse-fault
D20120317000570_20,normal-fault
D20111224000434_20,reverse-fault
D20160214000401_20,reverse-fault
D20130421000308_20,reverse-fault
D20121007000349_20,normal-fault
D20120401000497_20,reverse-fault
D20111019000301_20,strike-slip
D20120311000227_20,normal-fault
D20160720000292_20,reverse-fault
D20111101000442_20,strike-slip
D20120427000392_20,strike-slip
D20140407000245_20,reverse-fault
D20150306000189_20,strike-slip
D20110519000867_20,normal-fault
D20111225000139_20,normal-fault
D20121121000054_20,strike-slip
D20111029000292_20,normal-fault
D20160709000166_20,strike-slip
D20150810000208_20,reverse-fault
D20120712000291_20,normal-fault
D20130731000053_20,normal-fault
D20120831000059_20,normal-fault
D20120318000312_20,reverse-fault
D20160329000061_20,normal-fault
D20120208000420_20,reverse-fault
D20111019000417_20,normal-fault
D20110413000757_20,normal-fault
D20121212000370_20,normal-fault
D20151208000270_20,reverse-fault
D20110330000424_20,strike-slip
D20130110000144_20,normal-fault
D20120122000271_20,strike-slip
D20110527000343_20,normal-fault
D20140220000415_20,reverse-fault
D20111010000093_20,strike-slip
D20130327000110_20,strike-slip
D20150924000312_20,reverse-fault
D20161001000360_20,strike-slip
D20130924000148_20,strike-slip
D20160320000285_20,strike-slip
D20130919000112_20,normal-fault
D20160415000152_20,strike-slip
D20110524000381_20,reverse-fault
D20140930000356_20,reverse-fault
D20111108000101_20,normal-fault
D20150714000382_20,reverse-fault
D20150221000150_20,strike-slip
D20130724000312_20,normal-fault
D20140703000132_20,normal-fault
D20110727000152_20,reverse-fault
D20120806000265_20,reverse-fault
D20130526000396_20,strike-slip
D20131003000049_20,normal-fault
D20141123000461_20,reverse-fault
D20110707000801_20,reverse-fault
D20120119000030_20,normal-fault
D20140814000284_20,normal-fault
D20130518000228_20,reverse-fault
D20130616000222_20,strike-slip
D20110816000656_20,normal-fault
D20110618000329_20,strike-slip
D20120616000244_20,strike-slip
D20121217000151_20,strike-slip
D20160822000335_20,normal-fault
D20110630000498_20,reverse-fault
D20130608000272_20,reverse-fault
D20110328001282_20,normal-fault
D20140422000324_20,strike-slip
D20151006000357_20,reverse-fault
D20140711000007_20,reverse-fault
D20120308000095_20,reverse-fault
D20110711000344_20,reverse-fault
D20140826000084_20,reverse-fault
D20160712000403_20,reverse-fault
D20110428000331_20,normal-fault
D20110528000860_20,strike-slip
D20120921000325_20,reverse-fault
D20131011000345_20,reverse-fault
D20111220000613_20,reverse-fault
D20110110000139_20,strike-slip
D20131020000190_20,strike-slip
D20140224000320_20,reverse-fault
D20130605000095_20,reverse-fault
D20150130000393_20,reverse-fault
D20150102000034_20,normal-fault
D20141215000436_20,strike-slip
D20121006000022_20,strike-slip
D20160109000001_20,reverse-fault
D20130113000063_20,normal-fault
D20160503001000_20,reverse-fault
D20160322000396_20,reverse-fault
D20150711000257_20,strike-slip
D20151128000358_20,reverse-fault
D20161209000046_20,strike-slip
D20121027000087_20,normal-fault
D20110422000181_20,normal-fault
D20161129000341_20,reverse-fault
D20160510000211_20,strike-slip
D20140106000037_20,normal-fault
D20120518000352_20,reverse-fault
D20160621000257_20,normal-fault
D20130717000380_20,strike-slip
D20141120000455_20,reverse-fault
D20110610000154_20,reverse-fault
D20151226000399_20,strike-slip
D20120118000577_20,normal-fault
D20110315001170_20,reverse-fault
D20130620000130_20,normal-fault
D20111214000305_20,normal-fault
D20130113000424_20,normal-fault
D20110131000061_20,strike-slip
D20150814000353_20,strike-slip
D20120315000098_20,normal-fault
D20160414000599_20,strike-slip
D20110502000714_20,reverse-fault
D20111226000074_20,reverse-fault
D20120808000139_20,reverse-fault
D20160701000193_20,reverse-fault
D20160415001323_20,strike-slip
D20140103000218_20,normal-fault
D20141112000382_20,strike-slip
D20130113000369_20,normal-fault
D20151213000227_20,strike-slip
D20130225000404_20,strike-slip
D20140728000372_20,reverse-fault
D20160410000017_20,reverse-fault
D20130625000138_20,reverse-fault
D20111019000179_20,strike-slip
D20130224000194_20,strike-slip
D20110323000953_20,normal-fault
D20131017000268_20,reverse-fault
D20140821000116_20,reverse-fault
D20120624000012_20,reverse-fault
D20130515000305_20,reverse-fault
D20110421000183_20,normal-fault
D20111118000126_20,strike-slip
D20141117000337_20,strike-slip
D20110403000778_20,reverse-fault
D20130417000423_20,reverse-fault
D20120224000249_20,reverse-fault
D20130929000018_20,strike-slip
D20110929000524_20,normal-fault
D20140628000311_20,strike-slip
D20110409000799_20,reverse-fault
D20160505000800_20,strike-slip
D20160613000612_20,reverse-fault
D20120320000455_20,normal-fault
D20150819000398_20,normal-fault
D20110213000117_20,strike-slip
D20120322000006_20,reverse-fault
D20160903000615_20,strike-slip
D20160609000032_20,reverse-fault
D20110702000699_20,reverse-fault
D20160415000032_20,strike-slip
D20110412000431_20,strike-slip
D20131007000501_20,strike-slip
D20160412000154_20,reverse-fault
D20160228000201_20,reverse-fault
D20120706000177_20,strike-slip
D20160501000153_20,normal-fault
D20110427000938_20,reverse-fault
D20110630000318_20,strike-slip
D20131103000312_20,reverse-fault
D20130814000176_20,normal-fault
D20130730000356_20,reverse-fault
D20140516000227_20,strike-slip
D20150113000239_20,strike-slip
D20110818000366_20,normal-fault
D20140403000213_20,strike-slip
D20120427000411_20,strike-slip
D20150218000464_20,strike-slip
D20140106000369_20,normal-fault
D20110913000019_20,reverse-fault
D20140724000283_20,reverse-fault
D20140523000137_20,reverse-fault
D20160517000150_20,normal-fault
D20121006000002_20,strike-slip
D20120526000413_20,reverse-fault
D20110413001227_20,normal-fault
D20131231000220_20,strike-slip
D20140202000390_20,strike-slip
D20160404000414_20,reverse-fault
D20150513000135_20,reverse-fault
D20160928000243_20,strike-slip
D20130828000255_20,reverse-fault
D20110721000556_20,normal-fault
D20120524000214_20,reverse-fault
D20160817000122_20,reverse-fault
D20130912000194_20,strike-slip
D20140710000330_20,normal-fault
D20110715000373_20,normal-fault
D20130308000125_20,reverse-fault
D20120211000369_20,reverse-fault
D20120403000218_20,reverse-fault
D20120120000489_20,strike-slip
D20120710000248_20,strike-slip
D20140708000337_20,strike-slip
D20111004000502_20,normal-fault
D20130301000005_20,normal-fault
D20110529000962_20,normal-fault
D20160420000955_20,reverse-fault
D20120724000109_20,strike-slip
D20121029000269_20,strike-slip
D20160430000857_20,normal-fault
D20161116000491_20,reverse-fault
D20130918000202_20,strike-slip
D20110927000361_20,normal-fault
D20111115000554_20,normal-fault
D20111010000214_20,reverse-fault
D20130114000107_20,reverse-fault
D20130930000426_20,reverse-fault
D20130301000167_20,reverse-fault
D20110731000674_20,reverse-fault
D20120222000140_20,reverse-fault
D20110427001044_20,normal-fault
D20120519000159_20,reverse-fault
D20120117000137_20,strike-slip
D20160612000740_20,reverse-fault
D20121014000167_20,reverse-fault
D20131119000024_20,reverse-fault
D20160507000565_20,strike-slip
D20160428000499_20,normal-fault
D20111002000421_20,strike-slip
D20150827000428_20,strike-slip
D20110412001144_20,normal-fault
D20120920000234_20,reverse-fault
D20140911000348_20,strike-slip
D20120325000342_20,normal-fault
D20120601000333_20,reverse-fault
D20160701000234_20,strike-slip
D20130325000051_20,reverse-fault
D20121221000240_20,strike-slip
D20121219000161_20,strike-slip
D20111020000188_20,normal-fault
D20110413000061_20,strike-slip
D20150716000186_20,reverse-fault
D20120802000206_20,normal-fault
D20141123001128_20,strike-slip
D20160913000293_20,normal-fault
D20110524000624_20,strike-slip
D20150118000446_20,reverse-fault
D20160505000526_20,strike-slip
D20160512000230_20,normal-fault
D20160926000095_20,strike-slip
D20130611000103_20,strike-slip
D20160703000338_20,strike-slip
D20150704000012_20,strike-slip
D20120226000062_20,reverse-fault
D20110713000071_20,normal-fault
D20120914000428_20,reverse-fault
D20150423000251_20,reverse-fault
D20120327000310_20,normal-fault
D20110427000108_20,normal-fault
D20120611000052_20,normal-fault
D20161117000039_20,reverse-fault
D20150703000098_20,strike-slip
D20130414000260_20,strike-slip
D20120415000396_20,strike-slip
D20110918000381_20,strike-slip
D20120430000545_20,strike-slip
D20130515000018_20,strike-slip
D20150526000143_20,reverse-fault
D20160519000696_20,normal-fault
D20110821000072_20,reverse-fault
D20160410000028_20,reverse-fault
D20110418000161_20,reverse-fault
D20130225000330_20,strike-slip
D20110411001074_20,normal-fault
D20140503000217_20,strike-slip
D20120811000127_20,normal-fault
D20140615000042_20,normal-fault
D20110820000636_20,reverse-fault
D20110520000685_20,reverse-fault
D20131002000413_20,strike-slip
D20110414001216_20,normal-fault
D20140906000310_20,reverse-fault
D20110413000259_20,normal-fault
D20130528000162_20,reverse-fault
D20161021000962_20,normal-fault
D20130519000197_20,normal-fault
D20151120000375_20,reverse-fault
D20150813000084_20,reverse-fault
D20151030000349_20,normal-fault
D20110411000635_20,normal-fault
D20130726000045_20,strike-slip
D20130204000176_20,strike-slip
D20141122000618_20,reverse-fault
D20120424000270_20,reverse-fault
D20110415000175_20,strike-slip
D20160212000218_20,strike-slip
D20130801000307_20,reverse-fault
D20140505000125_20,normal-fault
D20150408000186_20,normal-fault
D20120202000044_20,reverse-fault
D20151216000161_20,reverse-fault
D20150406000243_20,normal-fault
D20120920000286_20,normal-fault
D20160928000248_20,strike-slip
D20120331000108_20,reverse-fault
D20160410000426_20,reverse-fault
D20120829000051_20,reverse-fault
D20130703000272_20,strike-slip
D20110415000585_20,normal-fault
D20110711000887_20,strike-slip
D20140616000125_20,reverse-fault
D20140511000241_20,strike-slip
D20141120000264_20,reverse-fault
D20120116000421_20,reverse-fault
D20110506000093_20,normal-fault
D20150604000075_20,reverse-fault
D20120225000356_20,reverse-fault
D20160618000610_20,normal-fault
D20131006000534_20,strike-slip
D20121113000175_20,strike-slip
D20160904000248_20,reverse-fault
D20160907000380_20,reverse-fault
D20120303000337_20,strike-slip
D20130108000343_20,strike-slip
D20131003000271_20,reverse-fault
D20160831000229_20,strike-slip
D20111029000279_20,normal-fault
D20130701000098_20,strike-slip
D20140305000420_20,strike-slip
D20121028000169_20,reverse-fault
D20151124000262_20,reverse-fault
D20131209000171_20,normal-fault
D20160907000078_20,reverse-fault
D20160621000484_20,normal-fault
D20120722000233_20,reverse-fault
D20140408000118_20,reverse-fault
D20110502000493_20,normal-fault
D20150202000474_20,reverse-fault
D20140401000129_20,normal-fault
D20151217000173_20,reverse-fault
D20120710000252_20,strike-slip
D20110324000413_20,normal-fault
D20110313000906_20,strike-slip
D20110417000618_20,normal-fault
D20140908000414_20,reverse-fault
D20121020000271_20,normal-fault
D20150728000044_20,normal-fault
D20110413000244_20,reverse-fault
D20110415001142_20,normal-fault
D20160126000106_20,normal-fault
D20150420000185_20,strike-slip
D20111006000256_20,strike-slip
D20121118000227_20,reverse-fault
D20140312000093_20,reverse-fault
D20140724000369_20,reverse-fault
D20110826000629_20,reverse-fault
D20160207000180_20,normal-fault
D20110731000543_20,reverse-fault
D20130419000377_20,strike-slip
D20150806000274_20,reverse-fault
D20130912000028_20,reverse-fault
D20120518000226_20,reverse-fault
D20140829000368_20,reverse-fault
D20131120000218_20,strike-slip
D20130725000356_20,normal-fault
D20121012000253_20,reverse-fault
D20140910000040_20,normal-fault
D20120604000283_20,strike-slip
D20130809000187_20,reverse-fault
D20110314000688_20,reverse-fault
D20121008000152_20,normal-fault
D20150831000376_20,normal-fault
D20120514000257_20,reverse-fault
D20130926000282_20,normal-fault
D20120317000263_20,normal-fault
D20131215000004_20,reverse-fault
D20160717000368_20,strike-slip
D20120718000147_20,strike-slip
D20150821000090_20,strike-slip
D20120128000196_20,reverse-fault
D20160320000310_20,strike-slip
D20110414000395_20,normal-fault
D20130201000268_20,strike-slip
D20160427000744_20,strike-slip
D20130613000376_20,reverse-fault
D20111020000192_20,normal-fault
D20130420000314_20,strike-slip
D20160222000049_20,reverse-fault
D20140904000121_20,strike-slip
D20140901000187_20,strike-slip
D20110329000012_20,normal-fault
D20120205000224_20,reverse-fault
D20111105000538_20,reverse-fault
D20130226000218_20,strike-slip
D20160205000114_20,reverse-fault
D20160507000333_20,strike-slip
D20160426001157_20,reverse-fault
D20121216000205_20,normal-fault
D20130522000305_20,reverse-fault
D20131016000363_20,normal-fault
D20121207000083_20,reverse-fault
D20110427000113_20,reverse-fault
D20121018000245_20,reverse-fault
D20121214000066_20,reverse-fault
D20150405000226_20,normal-fault
D20120913000142_20,strike-slip
D20110511000566_20,normal-fault
D20150316000151_20,reverse-fault
D20120403000208_20,normal-fault
D20110327000208_20,normal-fault
D20130614000062_20,strike-slip
D20160625000198_20,strike-slip
D20110416000774_20,normal-fault
D20141117000145_20,normal-fault
D20160713000215_20,normal-fault
D20141205000502_20,strike-slip
D20150808000121_20,strike-slip
D20120518000469_20,strike-slip
D20150709000346_20,strike-slip
D20160416000266_20,strike-slip
D20110410001120_20,normal-fault
D20140315000151_20,normal-fault
D20150325000328_20,reverse-fault
D20120602000102_20,reverse-fault
D20110917000494_20,reverse-fault
D20160415001698_20,strike-slip
D20140928000241_20,reverse-fault
D20130915000113_20,strike-slip
D20160416000762_20,normal-fault
D20110415000716_20,normal-fault
D20150203000277_20,strike-slip
D20110612000239_20,normal-fault
D20120615000287_20,normal-fault
D20131202000028_20,reverse-fault
D20160416001169_20,normal-fault
D20120229000213_20,reverse-fault
D20141028000212_20,reverse-fault
D20130309000086_20,reverse-fault
D20140904000191_20,reverse-fault
D20110422001145_20,reverse-fault
D20130726000192_20,reverse-fault
D20140210000366_20,strike-slip
D20150928000165_20,reverse-fault
D20131112000460_20,reverse-fault
D20130321000173_20,reverse-fault
D20110920000206_20,reverse-fault
D20140810000195_20,reverse-fault
D20110615000078_20,strike-slip
D20140118000217_20,normal-fault
D20121031000025_20,reverse-fault
D20150203000316_20,strike-slip
D20121213000144_20,reverse-fault
D20120615000158_20,normal-fault
D20121023000264_20,reverse-fault
D20150214000340_20,strike-slip
D20161115000038_20,reverse-fault
D20120821000013_20,strike-slip
D20120206000283_20,strike-slip
D20110521000046_20,reverse-fault
D20151113000460_20,reverse-fault
D20110326001265_20,normal-fault
D20160816000209_20,normal-fault
D20131030000204_20,reverse-fault
D20160722000385_20,strike-slip
D20160417000951_20,strike-slip
D20140916000236_20,reverse-fault
D20110327001135_20,strike-slip
D20110711000698_20,strike-slip
D20160214000233_20,reverse-fault
D20150512000390_20,strike-slip
D20130413000113_20,reverse-fault
D20110423000231_20,strike-slip
D20120418000181_20,reverse-fault
D20161113000022_20,reverse-fault
D20130723000189_20,normal-fault
D20131209000324_20,reverse-fault
D20110624000368_20,reverse-fault
D20160404000327_20,strike-slip
D20110427000079_20,normal-fault
D20120128000334_20,reverse-fault
D20140924000419_20,reverse-fault
D20141102000285_20,reverse-fault
D20161105000382_20,strike-slip
D20150812000298_20,reverse-fault
D20120224000007_20,reverse-fault
D20150329000262_20,strike-slip
D20121215000277_20,normal-fault
D20160518000750_20,reverse-fault
D20160915000500_20,normal-fault
D20110412001299_20,normal-fault
D20151225000229_20,strike-slip
D20120104000250_20,normal-fault
D20160615000531_20,reverse-fault
D20110907000661_20,reverse-fault
D20111107000458_20,strike-slip
D20160930000399_20,strike-slip
D20110709000097_20,normal-fault
D20111125000161_20,strike-slip
D20120220000440_20,normal-fault
D20161125000798_20,reverse-fault
D20150113000182_20,normal-fault
D20110330000327_20,reverse-fault
D20160427000434_20,strike-slip
D20140802000310_20,normal-fault
D20150228000409_20,reverse-fault
D20120128000312_20,reverse-fault
D20120617000116_20,reverse-fault
D20150801000165_20,normal-fault
D20141010000302_20,reverse-fault
D20150601000413_20,strike-slip
D20110901000046_20,normal-fault
D20140218000357_20,reverse-fault
D20151007000345_20,reverse-fault
D20150628000056_20,reverse-fault
D20160621000006_20,reverse-fault
D20111231000182_20,normal-fault
D20160313000068_20,reverse-fault
D20160717000550_20,strike-slip
D20160717000386_20,reverse-fault
D20140621000003_20,reverse-fault
D20140503000240_20,strike-slip
D20110427000583_20,normal-fault
D20120726000315_20,strike-slip
D20140322000238_20,reverse-fault
D20120129000543_20,reverse-fault
D20120312000162_20,normal-fault
D20131226000080_20,reverse-fault
D20160623000339_20,strike-slip
D20160923000723_20,reverse-fault
